51.9070548390692,4.4208812713623,Hangar,east
51.9058104428521,4.42010879516602,Hangar,east
51.9044865792413,4.41937923431396,Hangar,east
51.9053868107418,4.4219970703125,Hangar,south
51.8993231383292,4.42869186401367,Hangar,west
51.8917490180682,4.40907955169678,Hangar,south
51.9012959076076,4.39191341400146,Hangar,west
51.9057177736694,4.38586235046387,Hangar,east
51.8969000883966,4.45630788803101,Hangar,south
51.8963307189055,4.44888353347778,Hangar,south
51.893232163116,4.37285900115967,Hangar,east
51.8924111424417,4.37255859375,Hangar,east
51.8923979000498,4.3699836730957,Hangar,east
51.8946490506102,4.3706488609314,Hangar,east
51.895840790545,4.37094926834106,Hangar,east
51.8906101413251,4.40611839294434,Hangar,north
51.8898950179216,4.40935850143433,Hangar,east
51.8901333936538,4.41824197769165,Hangar,east
51.8898155590633,4.41978693008423,Hangar,east
51.8981712128531,4.41899299621582,Hangar,north
51.8970722219386,4.41931486129761,Hangar,north
51.8992172153806,4.41899299621582,Hangar,north
51.8973635233535,4.45010662078857,Hangar,north
51.885604038532,4.36342835426331,Silo,north
51.8862728755411,4.36244130134583,Kleine Silo,north
51.8855245720872,4.36264514923096,Silo,north
51.8849749253314,4.36281681060791,Silo,north
51.8850941264034,4.36360001564026,Silo,north
51.8846438095838,4.36372876167297,Silo,north
51.8842001106581,4.36385750770569,Silo,north
51.8837828972253,4.36397552490234,Silo,north
51.8836835601229,4.36319231987,Silo,north
51.8841140193145,4.36307430267334,Silo,north
51.8845643414415,4.36294555664062,Silo,north
51.8848491016346,4.36116456985474,Silo,north
51.8842862018369,4.36137914657593,Silo,north
51.8851471045562,4.36803102493286,Silo,north
51.8874847033834,4.36450123786926,Kleine Silo,north
51.8872529355579,4.36456561088562,Kleine Silo,north
51.8870211665373,4.3646514415741,Kleine Silo,north
51.8867827742978,4.36471581459045,Kleine Silo,north
51.8865311366733,4.36480164527893,Kleine Silo,north
51.8864980263546,4.36438322067261,Kleine Silo,north
51.8867297980728,4.36432957649231,Kleine Silo,north
51.8869748125897,4.36427593231201,Kleine Silo,north
51.8872132038106,4.36416864395142,Kleine Silo,north
51.8874582156923,4.36411499977112,Kleine Silo,north
51.8873323989469,4.36553120613098,Kleine Silo,north
51.8870145445477,4.36562776565552,Kleine Silo,north
51.886703309937,4.36572432518005,Kleine Silo,north
51.88729266727,4.36680793762207,Kleine Silo,north
51.8870542764705,4.36685085296631,Kleine Silo,north
51.8868225064255,4.36691522598267,Kleine Silo,north
51.8871138742889,4.36723709106445,Kleine Silo,north
51.8868688605301,4.36731219291687,Kleine Silo,north
51.8871469841539,4.3676233291626,Kleine Silo,north
51.8869019705756,4.36769843101501,Kleine Silo,north
51.8851471045562,4.36859965324402,Kleine Silo,north
51.8852994163975,4.36891078948975,Kleine Silo,north
51.8862397650322,4.37187194824219,Kleine Silo,north
51.8859682579394,4.3719470500946,Kleine Silo,north
51.8856967492066,4.37203288078308,Kleine Silo,north
51.8858887921386,4.37242984771729,Kleine Silo,north
51.8860940785034,4.37265515327454,Kleine Silo,north
51.8862331429276,4.37234401702881,Kleine Silo,north
51.8857431044722,4.37273025512695,Kleine Silo,north
51.8856967492066,4.37384605407715,Kleine Silo,north
51.8854252388338,4.37389969825745,Kleine Silo,north
51.8859285250566,4.37377095222473,Kleine Silo,north
51.8862298318748,4.36214089393616,Kleine Silo,north
51.8864947153214,4.36206579208374,Kleine Silo,north
51.8865344477038,4.36237692832947,Kleine Silo,north
51.8868059513765,4.36229646205902,Kleine Silo,north
51.8867695302474,4.36195850372314,Kleine Silo,north
51.8872363806675,4.36238765716553,Kleine Silo,north
51.8871999598871,4.36212480068207,Kleine Silo,north
51.886153677595,4.3610680103302,Kleine Silo,north
51.8860973895662,4.36062276363373,Kleine Silo,north
51.8849683030403,4.35777425765991,Silo,north
51.8848623462509,4.35704469680786,Silo,north
51.8843590480902,4.35717344284058,Silo,north
51.8844517613326,4.35794591903687,Silo,north
51.8836968050825,4.35820341110229,Silo,north
51.883617335266,4.35734510421753,Silo,north
51.8830610426163,4.35751676559448,Silo,north
51.8831405134163,4.35828924179077,Silo,north
51.8819815503344,4.35787081718445,Silo,north
51.8820676457621,4.35867547988892,Silo,north
51.8821471183183,4.35945868492126,Silo,north
51.8822332134289,4.36024188995361,Silo,north
51.8824318938242,4.36189413070679,Silo,north
51.8825113657365,4.36269879341125,Silo,north
51.8825974601495,4.36344981193542,Silo,north
51.8826835543977,4.36420083045959,Silo,north
51.8820477776011,4.36443686485291,Silo,north
51.8819550594003,4.36367511749268,Silo,north
51.8818755865046,4.36289191246033,Silo,north
51.8817828679487,4.36214089393616,Silo,north
51.8815974302632,4.36046719551086,Silo,north
51.8815047111336,4.35965180397034,Silo,north
51.8814384830668,4.35886859893799,Silo,north
51.8813457636094,4.3580961227417,Silo,north
51.8806040010658,4.35833215713501,Silo,north
51.8806636074367,4.35908317565918,Silo,north
51.880756328301,4.35985565185547,Silo,north
51.8808424260752,4.36062812805176,Silo,north
51.8810344897466,4.36233401298523,Silo,north
51.8811139641293,4.36307430267334,Silo,north
51.8812066840648,4.36387896537781,Silo,north
51.8812795353085,4.36462998390198,Silo,north
51.8802264922148,4.36081051826477,Silo,north
51.880140393261,4.36004877090454,Silo,north
51.8800741631843,4.35925483703613,Silo,north
51.8799748178864,4.3584930896759,Silo,north
51.8831471359767,4.36827778816223,Silo,north
51.8832398517188,4.36912536621094,Silo,north
51.882623950705,4.36930775642395,Silo,north
51.8825312336926,4.36846017837524,Silo,north
51.8817497541324,4.36859965324402,Silo,north
51.8815047111336,4.37278389930725,Kleine Silo,north
51.8814053689969,4.36916828155518,Kleine Silo,north
51.8810676040898,4.36930775642395,Kleine Silo,north
51.8936095627483,4.3626880645752,Silo,north
51.8940730316446,4.3625271320343,Silo,north
51.8943378688676,4.36437249183655,Silo,north
51.8952647868565,4.36417937278748,Silo,north
51.8955494792575,4.36408281326294,Silo,north
51.8942451760171,4.36350345611572,Silo,north
51.8962578920548,4.36334252357483,Silo,north
51.8968007802838,4.36302065849304,Silo,north
51.8964631310589,4.36523079872131,Silo,north
51.8964498898611,4.35901880264282,Silo,north
51.8959069973924,4.35917973518372,Silo,north
51.8967345747535,4.3619692325592,Kleine Silo,north
51.8964234074538,4.36205506324768,Kleine Silo,north
51.8955031341059,4.36316013336182,Kleine Silo,north
51.8818557182587,4.3695867061615,Silo,north
51.8815510707223,4.3731701374054,Kleine Silo,north
51.889861910081,4.36044573783875,Silo,north
51.8902592025583,4.36062812805176,Silo,north
51.8905108193107,4.36018824577332,Silo,north
51.8909081060515,4.3600594997406,Silo,north
51.8913848455044,4.36155080795288,Silo,north
51.8909412131213,4.3616795539856,Silo,north
51.8905902769398,4.36288118362427,Silo,north
51.8930202882489,4.36188340187073,Silo,north
51.8931527101579,4.36283826828003,Silo,north
51.8935036263294,4.36174392700195,Silo,north
51.8941524829754,4.36156153678894,Silo,north
51.89456297928,4.36240911483765,Silo,north
51.8946358088779,4.36340689659119,Silo,north
51.8956421694175,4.36470508575439,Silo,north
51.8953243737873,4.36473727226257,Silo,north
51.8968537446379,4.36451196670532,Silo,north
51.8967014719517,4.36120748519897,Silo,north
51.8965624399179,4.36001658439636,Silo,north
51.8960063074805,4.36019897460938,Silo,north
51.8953905813956,4.36215162277222,Kleine Silo,north
51.895311132254,4.36120748519897,Kleine Silo,north
51.8950794047884,4.36128258705139,Kleine Silo,north
51.8949138844384,4.35970544815063,Kleine Silo,north
51.8946291880102,4.35978055000305,Kleine Silo,north
51.8942849015479,4.35987710952759,Kleine Silo,north
51.8939075075875,4.35999512672424,Kleine Silo,north
51.8935764576442,4.36007022857666,Kleine Silo,north
51.8932851316766,4.36017751693726,Kleine Silo,north
51.8930004249289,4.36023116111755,Kleine Silo,north
51.8927819278295,4.36031699180603,Kleine Silo,north
51.8928878659498,4.3609607219696,Kleine Silo,north
51.8932917527423,4.36087489128113,Kleine Silo,north
51.8936823938914,4.36075687408447,Kleine Silo,north
51.8940862735428,4.36066031455994,Kleine Silo,north
51.8944504242148,4.36054229736328,Kleine Silo,north
51.8948079510944,4.36043500900269,Kleine Silo,north
51.8951654751294,4.36031699180603,Kleine Silo,north
51.89503967996,4.35898661613464,Kleine Silo,north
51.894688775784,4.3591046333313,Kleine Silo,north
51.8943577315965,4.35924410820007,Kleine Silo,north
51.8940134430543,4.35935139656067,Kleine Silo,north
51.8937154989174,4.35940504074097,Kleine Silo,north
51.8933579633456,4.3595016002655,Kleine Silo,north
51.8930269093537,4.35961961746216,Kleine Silo,north
51.8927024740753,4.35968399047852,Kleine Silo,north
51.8913914668501,4.36027407646179,Kleine Silo,north
51.8916496985708,4.36020970344543,Kleine Silo,north
51.891901307538,4.3601131439209,Kleine Silo,north
51.8919410351409,4.36057448387146,Kleine Silo,north
51.8919608989291,4.36115384101868,Kleine Silo,north
51.8920006264794,4.36154007911682,Kleine Silo,north
51.9076017557119,4.39475924556201,Boom,north
51.9067882880081,4.39494105907658,Boom,north
51.9072369034719,4.3949224419605,Boom,north
51.9071486025935,4.39520866945791,Boom,north
51.9072292916471,4.39496884886782,Boom,north
51.9067559570411,4.39410501633867,Boom,north
51.9077675302724,4.39402366289322,Boom,north
51.9078031651986,4.39584009053822,Boom,north
51.9076075262867,4.39586215265076,Boom,north
51.9072778956136,4.3945142058224,Boom,north
51.9074056714743,4.39536462499001,Boom,north
51.9078635258231,4.39421908843919,Boom,north
51.9076902227063,4.39560122248276,Boom,north
51.9076120528539,4.39444673932139,Boom,north
51.9068573299016,4.39477752885689,Boom,north
51.9070089331612,4.3940981682386,Boom,north
51.9076859389386,4.39399597242489,Boom,north
51.9076594951809,4.39388732895435,Boom,north
51.9079315015821,4.39395631997535,Boom,north
51.9073179385761,4.39606722634056,Boom,north
51.9070252021779,4.39426911683302,Boom,north
51.9068708140742,4.39452353192491,Boom,north
51.907038552393,4.39383936909489,Boom,north
51.9069477955933,4.39581392757046,Boom,north
51.9069926857435,4.39552857417439,Boom,north
51.9068529736879,4.39584901726011,Boom,north
51.9073522490922,4.39458069150733,Boom,north
51.9071361421713,4.39588596319433,Boom,north
51.9074296579888,4.3957434923017,Boom,north
51.9068535120051,4.39405066872009,Boom,north
51.907348919211,4.39373889447678,Boom,north
51.9081319866538,4.39331029672427,Boom,north
51.9081929114252,4.39368030166763,Boom,north
51.9075683807411,4.39361589537221,Boom,north
51.9072242964245,4.39298728563868,Boom,north
51.9081660363053,4.39336934640793,Boom,north
51.9075287835532,4.39231227990635,Boom,north
51.9081752703167,4.3934020205328,Boom,north
51.908175994991,4.39305570015001,Boom,north
51.9076958489273,4.39284114904929,Boom,north
51.9079845146464,4.39416577591114,Boom,north
51.9078721946519,4.39353701823294,Boom,north
51.9079708653909,4.39207197183668,Boom,north
51.9072229262414,4.39288233596287,Boom,north
51.9077173306588,4.39333897140002,Boom,north
51.9072260061892,4.39222023528688,Boom,north
51.9079707552524,4.39389137682037,Boom,north
51.9082191682107,4.39277782805677,Boom,north
51.9072151068709,4.39363668671389,Boom,north
51.9080995841401,4.39250401859885,Boom,north
51.9081307260823,4.3921727103877,Boom,north
51.9076233463358,4.39200690623657,Boom,north
51.9076505725043,4.39408262865206,Boom,north
51.908092358476,4.39182331844697,Boom,north
51.9082093024427,4.39335337217925,Boom,north
51.9080926134723,4.39404811800101,Boom,north
51.9074264146422,4.39235390683826,Boom,north
51.9072352660269,4.3937727796052,Boom,north
51.9076765768383,4.39383635601718,Boom,north
51.9075763148618,4.39375939282968,Boom,north
51.907811254409,4.39163687111755,Boom,north
51.907883642732,4.39091711117866,Boom,north
51.9076762081405,4.39222229473235,Boom,north
51.9082195715783,4.39033998467438,Boom,north
51.9077780104266,4.39076641089803,Boom,north
51.908251424606,4.39195069804585,Boom,north
51.9079246335605,4.39059066275133,Boom,north
51.9081305811977,4.39178816585229,Boom,north
51.9081202186716,4.39121615611592,Boom,north
51.9077722735199,4.39127702239728,Boom,north
51.9076669405686,4.39126165531915,Boom,north
51.9078772917278,4.39035174469134,Boom,north
51.9083778700139,4.39203380187042,Boom,north
51.9080968267239,4.39098466357185,Boom,north
51.9084269768388,4.39040860057944,Boom,north
51.9083491079584,4.39198735802342,Boom,north
51.9083454050835,4.39084718924536,Boom,north
51.9081318208821,4.39076126138292,Boom,north
51.9076659034277,4.39175541645348,Boom,north
51.9076742855031,4.39201589347368,Boom,north
51.908176163075,4.39206712899959,Boom,north
51.9078452110769,4.39054698312078,Boom,north
51.9080135780268,4.39186042952517,Boom,north
51.908404589026,4.39142047846126,Boom,north
51.908127752469,4.39156465291854,Boom,north
51.9076588172859,4.39119684675773,Boom,north
51.9084194021807,4.39119805572302,Boom,north
51.9082055250926,4.39146285247454,Boom,north
51.9079930473133,4.39119253282849,Boom,north
51.9077097083344,4.39050514755539,Boom,north
51.908110933665,4.38951903692455,Boom,north
51.9087888532374,4.38763953454625,Boom,north
51.908364092103,4.38852339692437,Boom,north
51.9085167386887,4.38766940906519,Boom,north
51.9085093596865,4.38838868017198,Boom,north
51.9083669701711,4.38810019250475,Boom,north
51.9081714814528,4.38900485356721,Boom,north
51.9082238075167,4.38936181959014,Boom,north
51.9081581977534,4.38983829227451,Boom,north
51.9095567654135,4.38321232795715,Boom,north
51.9098943162336,4.38218235969543,Boom,north
51.9100994929433,4.38169956207275,Boom,north
51.9102120088055,4.38070178031921,Boom,north
51.9100002140073,4.38132405281067,Boom,north
51.908636761082,4.3904972076416,Boom,north
51.9092125933377,4.39118385314941,Boom,north
51.9074850744215,4.39284682273865,Boom,north
51.9078623543387,4.39490675926208,Boom,north
51.9082330122238,4.39656972885132,Boom,north
51.9063995496139,4.39837217330933,Boom,north
51.9094007456611,4.38617848468784,Boom,north
51.9092304160022,4.38471501070812,Boom,north
51.9097044453073,4.38590210808877,Boom,north
51.9093567529718,4.38658071350534,Boom,north
51.9093061544796,4.38637241652685,Boom,north
51.9094618285789,4.38495782468661,Boom,north
51.9096990134715,4.38471798657452,Boom,north
51.9092009108137,4.38471221700184,Boom,north
51.9097579999258,4.38590859030424,Boom,north
51.9095967579028,4.38653488683359,Boom,north
51.9092157290002,4.38532887658002,Boom,north
51.9096818695095,4.38559295825,Boom,north
51.9090471799104,4.38574896899664,Boom,north
51.9097493850702,4.38549331247881,Boom,north
51.9092302949945,4.38425895631414,Boom,north
51.9091287176332,4.38473885757128,Boom,north
51.9094019834974,4.38430507300637,Boom,north
51.9088929330595,4.38696063718437,Boom,north
51.9095699462203,4.38502920949521,Boom,north
51.9088889087798,4.38626634845433,Boom,north
51.9093752852813,4.38639868827588,Boom,north
51.9090009484302,4.38579533393581,Boom,north
51.9089813890078,4.38671907899846,Boom,north
51.9093831417274,4.38456552196665,Boom,north
51.9093188635197,4.38628665595826,Boom,north
51.9099472651517,4.38319087028503,Boom,north
51.9098082741087,4.38333034515381,Boom,north
51.9095832400793,4.3839955329895,Boom,north
51.9097751809398,4.38422083854675,Boom,north
51.9096957572349,4.38379168510437,Boom,north
51.9096825199371,4.38250422477722,Boom,north
51.9100200698121,4.3824827671051,Boom,north
51.9100200698121,4.38207507133484,Boom,north
51.9098413672532,4.38168883323669,Boom,north
51.9102583387845,4.38007950782776,Boom,north
51.9101855345104,4.38124895095825,Boom,north
51.9087956120969,4.39067959785461,Boom,north
51.9086301422776,4.39090490341187,Boom,north
51.9089279875134,4.3910551071167,Boom,north
51.9073593137448,4.39329743385315,Boom,north
51.9078094029626,4.39457416534424,Boom,north
51.9077432136546,4.39623713493347,Boom,north
51.9079682569038,4.39640879631042,Boom,north
51.9070389151792,4.39734021938352,Boom,north
51.9065504693991,4.39685218672833,Boom,north
51.9069220520606,4.39722514522566,Boom,north
51.906715328182,4.39703575190239,Boom,north
51.9066008260252,4.39780304844981,Boom,north
51.9066190045106,4.39680822826463,Boom,north
51.9070638958663,4.3974181666695,Boom,north
51.9066639599862,4.39696132530929,Boom,north
51.9067451680818,4.39774022822177,Boom,north
51.9071383089678,4.39767112930774,Boom,north
51.9066818092969,4.3978092741904,Boom,north
51.9067717922767,4.3972358778443,Boom,north
51.9066228669429,4.39768264353213,Boom,north
51.9071766793629,4.39782377324793,Boom,north
51.9068952358772,4.39705007557892,Boom,north
51.9066578855598,4.39692140476329,Boom,north
51.90678049456,4.39759790910838,Boom,north
51.9070540687838,4.39696992333879,Boom,north
51.907154574892,4.39695229737227,Boom,north
51.9071353107132,4.39790726234585,Boom,north
51.9058986898878,4.39809849938105,Boom,north
51.9055493484019,4.39854670192383,Boom,north
51.9054799597228,4.39819455055094,Boom,north
51.9059462151914,4.39802644778283,Boom,north
51.9053518506485,4.39810887730822,Boom,north
51.9051059012882,4.39806189159537,Boom,north
51.9050969810971,4.39858807155883,Boom,north
51.9053668419005,4.39786965192573,Boom,north
51.9055996236896,4.398189724859,Boom,north
51.9060009958651,4.39791100497576,Boom,north
51.9059761647164,4.39806335766668,Boom,north
51.9051188614815,4.39808973772605,Boom,north
51.9056430100901,4.3981675139501,Boom,north
51.9052706779984,4.39844495581844,Boom,north
51.9062557741159,4.39821909860835,Boom,north
51.9058240315986,4.39841260213668,Boom,north
51.9055606894856,4.39797668000377,Boom,north
51.9054442292417,4.39845028321833,Boom,north
51.9056649397323,4.3984390134769,Boom,north
51.9054105009056,4.39832053498341,Boom,north
51.9062300204306,4.39800514541275,Boom,north
51.9050152008501,4.39820243902141,Boom,north
51.9062138769835,4.39809384891256,Boom,north
51.9056378948646,4.3982364050273,Boom,north
51.9048398645416,4.39848087819579,Boom,north
51.9061713714634,4.39867951809782,Boom,north
51.9053448967385,4.39794422703311,Boom,north
51.9058355829154,4.39798772166166,Boom,north
51.9068695056474,4.39796447753906,Boom,north
51.9066245995956,4.39808249473572,Boom,north
51.9063995496139,4.39786791801453,Boom,north
51.9074513112209,4.39643025398254,Boom,north
51.9071845319196,4.39661264419556,Boom,north
51.9099935954038,4.48963165283203,Flat,south
51.9104039469787,4.49064016342163,Flat,south
51.9106951619507,4.49145555496216,Flat,south
51.9111319808679,4.4922924041748,Flat,south
51.9114761382344,4.49308633804321,Flat,south
51.9118600029546,4.49373006820679,Flat,south
51.9122041547417,4.49443817138672,Flat,south
51.9126541954067,4.49518918991089,Flat,south
51.9130777589713,4.49615478515625,Flat,south
51.9103642356998,4.4890308380127,Flat,west
51.9109731381169,4.48965311050415,Flat,west
51.9115290852874,4.49040412902832,Flat,west
51.9119923693387,4.49109077453613,Flat,west
51.9124688850909,4.49203491210938,Flat,west
51.9130115774277,4.49276447296143,Flat,west
51.9134880823646,4.49366569519043,Flat,west
51.9140439984002,4.49448108673096,Flat,west
51.9082330122238,4.48074817657471,Kantoorgebouw 2,west
51.9090537437977,4.48173522949219,Kantoorgebouw 2,west
51.9066709332754,4.47772264480591,Kantoorgebouw 2,west
51.905585388791,4.47497606277466,Kantoorgebouw 2,west
51.9051374762444,4.46893405317735,Boom,west
51.9072303862152,4.47123452197974,Boom,west
51.9041776342056,4.47215880817919,Boom,west
51.906184464594,4.46917400425088,Boom,west
51.9076921885952,4.46760476261095,Boom,west
51.9044579002662,4.46850859847666,Boom,west
51.9076323812804,4.4718896381708,Boom,west
51.905676197863,4.47152658813841,Boom,west
51.9076276742393,4.46936884447295,Boom,west
51.9067392747448,4.47167227921342,Boom,west
51.9061619887044,4.47260158397164,Boom,west
51.9066044839834,4.47046147559616,Boom,west
51.9055516384929,4.46828776820075,Boom,west
51.9072365889744,4.4719876035377,Boom,west
51.9078738395992,4.47003109354979,Boom,west
51.9067172718037,4.47214237857761,Boom,west
51.9048629322036,4.46777038589916,Boom,west
51.9059954990097,4.47237751750027,Boom,west
51.9061246067355,4.46762165276856,Boom,west
51.9076510555684,4.47101043027202,Boom,west
51.9047428187977,4.46987331842197,Boom,west
51.9073118237889,4.46888218923745,Boom,west
51.9042100264683,4.47152031526518,Boom,west
51.9043276720567,4.46857064885068,Boom,west
51.9060245002574,4.4683446528228,Boom,west
51.905806703827,4.4715104315554,Boom,west
51.9062132817908,4.46946289733382,Boom,west
51.9047443748827,4.47156095899136,Boom,west
51.9046859381351,4.47179477331377,Boom,west
51.9074499585775,4.47052304588175,Boom,west
51.907105610754,4.46853397275167,Boom,west
51.9066544061895,4.46758166533256,Boom,west
51.9071917050686,4.46728509653642,Boom,west
51.9052974661601,4.47294518630191,Boom,west
51.9067702441208,4.47133516174091,Boom,west
51.9040903000861,4.47209681933005,Boom,west
51.9070213259948,4.47210929405503,Boom,west
51.9040277879609,4.47146147865417,Boom,west
51.9058365571795,4.46888808675956,Boom,west
51.9054707466162,4.47202719412116,Boom,west
51.9059530744972,4.47182935014846,Boom,west
51.9078174275954,4.47000673810471,Boom,west
51.9078997709059,4.47211104322004,Boom,west
51.9050187784426,4.46918512567651,Boom,west
51.9046458824261,4.47280149050451,Boom,west
51.906133329113,4.47165780772889,Boom,west
51.9044806581557,4.47190468191858,Boom,west
51.9061933905375,4.46904843417692,Boom,west
51.9071012357782,4.47015111498157,Boom,west
51.9046804100387,4.46896640874667,Boom,west
51.9054144578366,4.46858940610855,Boom,west
51.9035899516561,4.46966365164542,Boom,west
51.9056918878365,4.46924354044087,Boom,west
51.9063372692081,4.46837246131683,Boom,west
51.9042372512825,4.46859946609517,Boom,west
51.9053992584444,4.4706448932324,Boom,west
51.9037035401491,4.47028489869324,Boom,west
51.9053022100647,4.4696576840547,Boom,west
51.9065679211992,4.47068456498513,Boom,west
51.9062433784509,4.4689679175168,Boom,west
51.9064577205953,4.46993858724274,Boom,west
51.9055614304124,4.46846120658491,Boom,west
51.9050802393578,4.46824417372035,Boom,west
51.903530475099,4.46793334478472,Boom,west
51.904103863885,4.47080418216193,Boom,west
51.9042759431394,4.47021672212049,Boom,west
51.9037580914929,4.46898351154595,Boom,west
51.9050083409861,4.46937435497514,Boom,west
51.9052713784469,4.47088711700431,Boom,west
51.9061644511813,4.46992523533144,Boom,west
51.9052606685805,4.47105062692306,Boom,west
51.9054788983665,4.46859200342612,Boom,west
51.9062858572494,4.46824598904303,Boom,west
51.9037421281688,4.46875625546283,Boom,west
51.906273782472,4.47076218656965,Boom,west
51.9057737736702,4.46824666901298,Boom,west
51.9039291808437,4.46859389655782,Boom,west
51.9058829681574,4.46859875606897,Boom,west
51.9048636305748,4.46979432863473,Boom,west
51.9060428633892,4.47043186690149,Boom,west
51.9058915405061,4.46896047143176,Boom,west
51.9066197253345,4.47017280637554,Boom,west
51.9051994016152,4.46983150440226,Boom,west
51.9035226595392,4.46811568615542,Boom,west
51.9036046765703,4.4685735530419,Boom,west
51.9042185706442,4.46893093439507,Boom,west
51.9058219807722,4.46922010040609,Boom,west
51.9063011760887,4.47081437751433,Boom,west
51.9059386117361,4.46880188885936,Boom,west
51.9062292808584,4.46953215007701,Boom,west
51.9038554083807,4.47054099574044,Boom,west
51.9040509216726,4.46820259857505,Boom,west
51.9060123836839,4.46986602244526,Boom,west
51.9056746351055,4.46966590250469,Boom,west
51.9062035503464,4.47019606162882,Boom,west
51.9061724820901,4.46791234161657,Boom,west
51.9039270545306,4.46961054013149,Boom,west
51.9051706176965,4.47102338452145,Boom,west
51.9039071757168,4.46949993910321,Boom,west
51.9095567654135,4.48145627975464,Kantoorgebouw 2,south
51.9070151248289,4.47600603103638,Kantoorgebouw 2,south
51.9073593137448,4.4768214225769,Kantoorgebouw 1,south
51.9063664539333,4.47658538818359,Kantoorgebouw 1,south
51.9059693038633,4.47576999664307,Kantoorgebouw 1,south
51.9086698550898,4.47986841201782,Kantoorgebouw 1,south
51.908802230877,4.48100566864014,Kantoorgebouw 1,south
51.9102053902332,4.48055505752563,Kantoorgebouw 1,south
51.9098876976145,4.47965383529663,Kantoorgebouw 1,south
51.9091324403497,4.47631748861119,Boom,west
51.9088390354472,4.47566464065196,Boom,west
51.9087438612776,4.47492224083028,Boom,west
51.9092951946573,4.47553553322198,Boom,west
51.9093746376624,4.47300558187036,Boom,west
51.9091173534729,4.47410128806247,Boom,west
51.9094815078674,4.47522634477989,Boom,west
51.9085814701016,4.47592132625439,Boom,west
51.9085267109095,4.47522202979419,Boom,west
51.9085422542946,4.47434766008674,Boom,west
51.9085491635234,4.47597010466191,Boom,west
51.9086613512878,4.47486169964181,Boom,west
51.9089695861356,4.47442609968593,Boom,west
51.9089705119192,4.4761414142702,Boom,west
51.9093018231866,4.4762816046729,Boom,west
51.9090562537405,4.47627490562736,Boom,west
51.9088101752812,4.47402288389095,Boom,west
51.9086348512364,4.4755183937309,Boom,west
51.9087754949665,4.47452806216262,Boom,west
51.9090758676336,4.47619481086551,Boom,west
51.9087076832306,4.47431036243215,Boom,west
51.9090322482945,4.47612852313261,Boom,west
51.9094978917344,4.47629433826743,Boom,west
51.9090723650002,4.4748369623367,Boom,west
51.9094333847751,4.47394449394037,Boom,west
51.9085148149339,4.47469049593573,Boom,west
51.9088237069735,4.47643016646247,Boom,west
51.9086199336977,4.47570419897466,Boom,west
51.9085830807047,4.47407006603925,Boom,west
51.9085843683666,4.475891059472,Boom,west
51.9093774658696,4.4754286289672,Boom,west
51.909450605268,4.47274970616727,Boom,west
51.9093059351603,4.47598572478697,Boom,west
51.9089566007384,4.47590578733965,Boom,west
51.9086958150931,4.47426949197631,Boom,west
51.9092777620559,4.47287815330772,Boom,west
51.9092070276189,4.47548539062454,Boom,west
51.9085069640073,4.47551197180802,Boom,west
51.9090378354871,4.47588925218824,Boom,west
51.9095018546725,4.47360698135548,Boom,west
51.9084763751465,4.47084964328365,Boom,west
51.9080585191877,4.47281290670838,Boom,west
51.9086456685259,4.47105350881294,Boom,west
51.9083268012988,4.47288765161014,Boom,west
51.9088080454965,4.472488257314,Boom,west
51.9084647595004,4.47126697435739,Boom,west
51.9082906342277,4.47098161729679,Boom,west
51.9088790691385,4.47347522021928,Boom,west
51.9087035561224,4.47259356044799,Boom,west
51.9079986312795,4.47361605066199,Boom,west
51.9083065637089,4.47086770790387,Boom,west
51.9084547961334,4.47120706194531,Boom,west
51.9087007943177,4.47323661946873,Boom,west
51.9088104687376,4.47137976285782,Boom,west
51.9085780900199,4.47362429926266,Boom,west
51.9083849763691,4.47209162663684,Boom,west
51.908279120762,4.47113983673396,Boom,west
51.9089839666233,4.47242673881659,Boom,west
51.9082812666867,4.47265392772394,Boom,west
51.9084392213557,4.4726026557881,Boom,west
51.9082793236053,4.4705967836846,Boom,west
51.9083367544656,4.47132149722159,Boom,west
51.9089437179176,4.4711388024798,Boom,west
51.9087713091031,4.47368940191241,Boom,west
51.9088152739549,4.47171349967317,Boom,west
51.9089111617083,4.47160186767404,Boom,west
51.9081831319297,4.47318848175781,Boom,west
51.9087802699751,4.47209962186117,Boom,west
51.9087760630237,4.47185737440389,Boom,west
51.908356869182,4.47305243993351,Boom,west
51.9084891757901,4.47292728583692,Boom,west
51.9083677574833,4.47367806497773,Boom,west
51.908897183979,4.47360532510329,Boom,west
51.9088537691366,4.47082276238842,Boom,west
51.9085549070778,4.47197516495389,Boom,west
51.9085573351524,4.47274715841377,Boom,west
51.9085680308737,4.47237177724575,Boom,west
51.9084630760997,4.47214220224523,Boom,west
51.9086644716701,4.47270772662672,Boom,west
51.9087159921751,4.47196221566161,Boom,west
51.9092390682064,4.48025465011597,Kantoorgebouw 2,south
51.9090669812808,4.47941780090332,Kantoorgebouw 2,south
51.9075181692779,4.47759389877319,Kantoorgebouw 2,south
51.9066974096424,4.47478294372559,Kantoorgebouw 2,south
51.9110128488573,4.48046922683716,Kantoorgebouw 1,south
51.9107216359454,4.47961091995239,Kantoorgebouw 1,south
51.9065915040808,4.49388027191162,Kantoorgebouw 1,west
51.9079285434712,4.49527502059937,Kantoorgebouw 1,west
51.9073593137448,4.49651956558228,Kantoorgebouw 1,west
51.9072269337046,4.4944167137146,Kantoorgebouw 1,east
51.9069092200164,4.49510335922241,Kantoorgebouw 1,east
51.9065385512064,4.49602603912354,Kantoorgebouw 1,east
51.9082727253872,4.4944167137146,Flat,east
51.9075446451454,4.49360132217407,Flat,east
51.9070548390692,4.49293613433838,Flat,west
51.9060487341582,4.49506044387817,Flat,west
51.9055589117685,4.49628353118896,Flat,west
51.906075210892,4.49705600738525,Flat,west
51.9096229520488,4.49563980102539,Flat,west
51.9087757557508,4.49752807617188,Flat,west
51.9091199311743,4.49664831161499,Flat,east
51.9083124385155,4.49864387512207,Flat,east
51.9005412342893,4.47795867919922,Flat,east
51.901203229111,4.47864532470703,Flat,east
51.9011767495055,4.47928905487061,Flat,east
51.9004882742821,4.47890281677246,Flat,east
51.8997997885077,4.47821617126465,Flat,east
51.8998527493265,4.47718620300293,Flat,east
51.9013356269048,4.47787284851074,Flat,west
51.9008325132127,4.47710037231445,Flat,west
51.9001969931268,4.4763708114624,Flat,west
51.9014283051282,4.48278665542603,Flat,north
51.9013091473772,4.48377370834351,Flat,north
51.9008457531189,4.48306560516357,Flat,north
51.9005809542537,4.48207855224609,Flat,north
51.9001705129281,4.48233604431152,Flat,north
51.9006339141516,4.4843316078186,Flat,north
51.9009119525913,4.48521137237549,Flat,north
51.9011237902475,4.48628425598145,Flat,north
51.9019976100205,4.49119806289673,Flat,north
51.9026331046342,4.49456691741943,Flat,north
51.9028449341743,4.46478366851807,Kantoorgebouw 2,east
51.9041026514956,4.46066379547119,Kantoorgebouw 2,east
51.8865365104213,4.39194587525508,Flat,north
51.8875891412557,4.38914608101901,Flat,north
51.8880673219849,4.38679879979309,Flat,north
51.889616522613,4.39387178995135,Flat,north
51.8912300538958,4.39045908961772,Flat,north
51.8860401055226,4.38518200584594,Flat,north
51.8889702822743,4.38488333664202,Flat,north
51.890507249273,4.38861087275205,Flat,north
51.886892522434,4.3934263878751,Flat,north
51.8897145452369,4.38675965445511,Flat,north
51.887930771643,4.38296304439708,Flat,north
51.8881730761189,4.38346627589589,Flat,north
51.8883523042562,4.39438937175692,Flat,north
51.8913879226411,4.38835872210718,Flat,north
51.887851915457,4.39308838848681,Flat,north
51.8858969429703,4.38403612205447,Flat,north
51.8892385097364,4.39378124075788,Flat,north
51.8869673985572,4.38340737848087,Flat,north
51.8857380236414,4.38504715059323,Flat,north
51.8862788274363,4.39212940140398,Flat,north
51.8876422339849,4.38495240766654,Flat,north
51.8855493395119,4.38257568561673,Flat,north
51.8893995646831,4.39181436346692,Flat,north
51.8896041707746,4.38727434849726,Flat,north
51.8872859622416,4.38795005766571,Flat,north
51.8880667357407,4.38760219919723,Flat,north
51.8889539579469,4.38870139710251,Flat,north
51.8898672624083,4.38819430069618,Flat,north
51.8858465066432,4.39078536009229,Flat,north
51.8899450161441,4.39066997061248,Flat,north
51.8885117264724,4.39413025275425,Flat,north
51.8874550493294,4.39037616259405,Flat,north
51.8884181942434,4.38419667914364,Flat,north
51.8903587075015,4.38852784437633,Flat,north
51.8880584201686,4.39284240988442,Flat,north
51.8894626380122,4.38594490321318,Flat,north
51.8864851444583,4.39154933117378,Flat,north
51.8860329122682,4.39157290740134,Flat,north
51.886833065724,4.39177440490702,Flat,north
51.8887551336219,4.38768971304836,Flat,north
51.8868740634554,4.38653239388388,Flat,north
51.8910626783682,4.38715653485657,Flat,north
51.8880839841034,4.38302350542312,Flat,north
51.8888154766389,4.39405417116319,Flat,north
51.8907696469155,4.38942800187492,Flat,north
51.8894176880564,4.38699715259378,Flat,north
51.8866323032115,4.38644178083627,Flat,north
51.8880184087324,4.39055007497217,Flat,north
51.8855711561044,4.38915932294205,Flat,north
51.8886635359586,4.39224165715449,Flat,north
51.8904005518135,4.38818876624693,Flat,north
51.8872712516224,4.39026088141445,Flat,north
51.8891263785566,4.38787933769125,Flat,north
51.8916965890857,4.38809854436671,Flat,north
51.8860601170751,4.38968785353863,Flat,north
51.8873442956035,4.38738685920871,Flat,north
51.889093927255,4.38892064527457,Flat,north
51.8899451134059,4.38717209200749,Flat,north
51.8898253802692,4.38930329645143,Flat,north
51.8871488131186,4.38813854577163,Flat,north
51.8874140122048,4.39138748330312,Flat,north
51.890069424378,4.38796633786394,Flat,north
51.8912819614714,4.38546246359082,Flat,north
51.8895722420942,4.38694392216073,Flat,north
51.8895396604227,4.38582421422149,Flat,north
51.8885759395484,4.393408698277,Flat,north
51.8901575153731,4.38518087247127,Flat,north
51.885841808235,4.38642229809193,Flat,north
51.8903605142967,4.38430801083114,Flat,north
51.8900503640892,4.38579541976861,Flat,north
51.8866051742445,4.39296751230508,Flat,north
51.8901047186368,4.38297053588682,Flat,north
51.8917069515297,4.38959963516,Flat,north
51.8865238666268,4.385048641644,Flat,north
51.8916519261898,4.39400144632707,Flat,north
51.8867318820919,4.38648115948415,Flat,north
51.8887043817173,4.3905802617147,Flat,north
51.8905784956064,4.38491351947283,Flat,north
51.8896585696658,4.38438417930133,Flat,north
51.889091485511,4.39005127694726,Flat,north
51.8912987679218,4.41049575805664,Kantoorgebouw 2,north
51.8882793268547,4.41238403320312,Kantoorgebouw 2,north
51.8878290419458,4.41551685333252,Kantoorgebouw 2,north
51.8892063698151,4.4124698638916,Kantoorgebouw 2,north
51.9022226820577,4.4923996925354,Flat,north
51.9024345135332,4.49355840682983,Flat,north
51.9041953240105,4.46390390396118,Kantoorgebouw 2,east
51.9035863296983,4.46426868438721,Kantoorgebouw 2,east
51.904062934645,4.46304559707642,Kantoorgebouw 1,west
51.9030567627155,4.46371078491211,Kantoorgebouw 1,west
51.9035730905998,4.4633674621582,Flat,west
51.9047513550849,4.46289539337158,Ziekenhuis,west
51.9036260469703,4.46088910102844,Kantoorgebouw 2,east
51.9031494373882,4.46112513542175,Kantoorgebouw 2,east
51.9024345135332,4.46136116981506,Kantoorgebouw 2,east
51.8910603983709,4.41221237182617,Kantoorgebouw 2,north
51.8915636214954,4.41285610198975,Kantoorgebouw 2,north
51.8918284735081,4.41148281097412,Kantoorgebouw 2,north
51.8913252533494,4.41431522369385,Kantoorgebouw 2,north
51.8907160845653,4.41397190093994,Kantoorgebouw 2,north
51.8879879665464,4.41440105438232,Kantoorgebouw 2,north
51.8903850111106,4.40721273422241,Hangar,east
51.8930317355615,4.43085625543057,Container,east
51.89399520457,4.42684090906466,Container,east
51.893333108278,4.43040115566734,Container,east
51.8923069999708,4.42948568366182,Container,east
51.8919061667062,4.42738203776846,Container,east
51.8923653254311,4.42631437347891,Container,east
51.8942241199472,4.42664906430703,Container,east
51.8925435551861,4.42621286183826,Container,east
51.8924981666474,4.43093409393284,Container,east
51.8919724058779,4.42915513074404,Container,east
51.8924871990515,4.42687543184475,Container,east
51.8933597627081,4.42801794484596,Container,east
51.8938585602093,4.42805798247997,Container,east
51.8939470221459,4.42981421634426,Container,east
51.8933560589346,4.43004591467278,Container,east
51.8933543279313,4.42969769071043,Container,east
51.8943553171165,4.42707732632022,Container,east
51.8928298698816,4.42642846081045,Container,east
51.8929702934332,4.42735442348668,Container,east
51.894318430193,4.42871452583809,Container,east
51.8928127911099,4.42733549451954,Container,east
51.8941226025553,4.42783999557403,Container,east
51.8920069665922,4.42813068476367,Container,east
51.8942369751358,4.42987035678897,Container,east
51.8941603308069,4.42720371463371,Container,east
51.8918988455932,4.42974743627363,Container,east
51.8924469426716,4.42935230705124,Container,east
51.8941220764719,4.42806544152298,Container,east
51.8928987554427,4.42760801717577,Container,east
51.8925490123977,4.42712477005209,Container,east
51.9041026514956,4.43987131118774,Flat,east
51.9039835008384,4.44072961807251,Flat,east
51.9037584376235,4.44223165512085,Flat,east
51.9037451985757,4.44281101226807,Flat,east
51.9033745036544,4.44446325302124,Flat,east
51.9033347861599,4.4450855255127,Flat,east
51.903281829446,4.44577217102051,Flat,east
51.9031759158309,4.44633007049561,Flat,east
51.904049695687,4.44427013397217,Flat,east
51.9041423683111,4.44354057312012,Flat,east
51.904301235222,4.44289684295654,Flat,east
51.9043939073272,4.44216728210449,Flat,east
51.9045130568958,4.4409441947937,Flat,east
51.9046454449347,4.44019317626953,Flat,east
51.9079098662415,4.45573120781057,Flat,south
51.9070097006252,4.454296363116,Flat,south
51.9074974366691,4.45984455555475,Flat,south
51.9071356668311,4.45922888532656,Flat,south
51.9075637938768,4.45610031088055,Flat,south
51.9067025193502,4.46006871547176,Flat,south
51.9067903923481,4.46087940820913,Flat,south
51.9064025173421,4.45487040844387,Flat,south
51.9070658765305,4.45175967238092,Flat,south
51.9062988978748,4.46094533236652,Flat,south
51.907688845367,4.46048351372442,Flat,south
51.9075990654183,4.45783741926121,Flat,south
51.9072415065827,4.45508117297793,Flat,south
51.9075745624647,4.45500943591654,Flat,south
51.9062289879021,4.45229106080114,Flat,south
51.906848183461,4.45588189295193,Flat,south
51.9062157290594,4.45341667406752,Flat,south
51.9067183869692,4.45916633778395,Flat,south
51.9072046321473,4.45698177433644,Flat,south
51.9077255754996,4.45742199721356,Flat,south
51.9062655517557,4.46006647367117,Flat,south
51.906199919805,4.45891347178612,Flat,south
51.9075342912231,4.45879082390217,Flat,south
51.9070151248289,4.4530463218689,Flat,south
51.9056515812789,4.45459127426147,Flat,south
51.9058633965849,4.45624351501465,Flat,south
51.9058633965849,4.45776700973511,Flat,south
51.9048440262615,4.45581436157227,Flat,south
51.9050690840371,4.45776700973511,Flat,south
51.9046454449347,4.454505443573,Flat,south
51.9081403480393,4.43498969078064,Hangar,west
51.9072203146924,4.43588018417358,Hangar,west
51.9073195997737,4.4330370426178,Hangar,west
51.9064194070106,4.43418502807617,Hangar,west
51.9066974096424,4.43485021591187,Kantoorgebouw 2,west
51.9086102858583,4.43421721458435,Kantoorgebouw 2,west
51.9073460757583,4.43108439445496,Kantoorgebouw 2,west
51.908974318817,4.43161010742188,Kantoorgebouw 2,west
51.9091662622799,4.43210363388062,Kantoorgebouw 2,west
51.9096692826355,4.43289756774902,Kantoorgebouw 2,west
51.9099141720852,4.43358421325684,Kantoorgebouw 2,west
51.907935162379,4.42897081375122,Kantoorgebouw 2,west
51.9076306916072,4.42758679389954,Kantoorgebouw 2,west
51.9083786269846,4.43073034286499,Kantoorgebouw 1,west
51.9059693038633,4.42777991294861,Kantoorgebouw 1,west
51.9057574890568,4.42713618278503,Kantoorgebouw 1,west
51.9054860998761,4.42649245262146,Kantoorgebouw 1,west
51.9106157398729,4.49870824813843,Kantoorgebouw 1,west
51.9095435280747,4.50014591217041,Kantoorgebouw 1,south
51.9114629014614,4.49857950210571,Kantoorgebouw 1,west
51.9128262685867,4.50055360794067,Kantoorgebouw 1,west
51.9143351897674,4.50314998626709,Kantoorgebouw 1,west
51.9148116806586,4.50415849685669,Kantoorgebouw 1,west
51.9130909952684,4.50111150741577,Boom,west
51.9126939046606,4.50173377990723,Boom,west
51.9124027026499,4.50214147567749,Boom,west
51.9125615403444,4.50186252593994,Boom,west
51.9129189231028,4.5013689994812,Boom,west
51.9118467662948,4.50257062911987,Boom,west
51.911687926072,4.50280666351318,Boom,west
51.9114761382344,4.50308561325073,Boom,west
51.9112775862295,4.50334310531616,Boom,west
51.9154205227724,4.50533866882324,Boom,west
51.9154205227724,4.50578927993774,Boom,west
51.9112114020328,4.48920249938965,Boom,west
51.9108275317682,4.48888063430786,Boom,west
51.9104701323654,4.48851585388184,Boom,west
51.9044733404081,4.48349475860596,Boom,west
51.9044468627301,4.48366641998291,Boom,west
51.9043806684668,4.48358058929443,Boom,west
51.904301235222,4.48306560516357,Boom,west
51.9020638077956,4.48034048080444,Boom,west
51.9018122557314,4.48070526123047,Boom,west
51.9015209831605,4.48107004165649,Boom,west
51.9019181725617,4.48169231414795,Boom,west
51.9020770473389,4.48169231414795,Boom,west
51.9019446517303,4.48109149932861,Boom,west
51.9020240891423,4.48079109191895,Boom,west
51.9015871816379,4.48156356811523,Boom,west
51.9017857764848,4.4814133644104,Boom,west
51.9017990161101,4.48107004165649,Boom,west
51.9046322061484,4.47355985641479,Boom,west
51.9042350407441,4.47272300720215,Boom,west
51.9043144741059,4.47313070297241,Boom,west
51.9037054814091,4.47085618972778,Boom,west
51.903493655927,4.47016954421997,Boom,west
51.9033480253286,4.46948289871216,Boom,west
51.9033215469873,4.46875333786011,Boom,west
51.8976945453962,4.46579217910767,Kantoorgebouw 2,west
51.8972178728821,4.46673631668091,Kantoorgebouw 2,west
51.8964763722528,4.4674015045166,Kantoorgebouw 2,west
51.8968736062546,4.4623589515686,Kantoorgebouw 2,east
51.8959069973924,4.46315288543701,Kantoorgebouw 2,east
51.8964101662444,4.46276664733887,Kantoorgebouw 2,east
51.895311132254,4.46356058120728,Kantoorgebouw 2,east
51.8943444897782,4.47744369506836,Kantoorgebouw 2,north
51.8945828419093,4.47903156280518,Kantoorgebouw 2,north
51.894953609378,4.48190689086914,Kantoorgebouw 2,north
51.8956156865342,4.48422431945801,Kantoorgebouw 2,north
51.8964366486594,4.48915958404541,Kantoorgebouw 2,north
51.8973105596004,4.49302196502686,Kantoorgebouw 2,north
51.8970987039634,4.49203491210938,Kantoorgebouw 1,north
51.8964101662444,4.48761463165283,Kantoorgebouw 1,north
51.8958010663897,4.48572635650635,Kantoorgebouw 1,north
51.8952714076305,4.48285102844238,Kantoorgebouw 1,north
51.8947417426277,4.48044776916504,Kantoorgebouw 1,north
51.896304236428,4.47074890136719,Kantoorgebouw 1,north
51.8954832718834,4.47216510772705,Kantoorgebouw 1,north
51.8948741594637,4.47375297546387,Kantoorgebouw 1,north
51.8945033913394,4.47508335113525,Kantoorgebouw 1,north
51.8971781499444,4.45946216583252,Kantoorgebouw 1,north
51.8973900052067,4.45216655731201,Kantoorgebouw 1,north
51.9021300054731,4.44933414459229,Kantoorgebouw 1,south
51.9025801470931,4.45246696472168,Kantoorgebouw 1,south
51.9023683163044,4.45105075836182,Kantoorgebouw 2,south
51.9020505682484,4.37406063079834,Kantoorgebouw 2,south
51.9025536682992,4.37466144561768,Kantoorgebouw 2,south
51.905122038644,4.37491893768311,Kantoorgebouw 2,south
51.9073725517273,4.37586307525635,Kantoorgebouw 2,south
51.9064194070106,4.37350273132324,Kantoorgebouw 2,south
51.907875592173,4.37414646148682,Kantoorgebouw 2,south
51.9055721502817,4.37719345092773,Kantoorgebouw 2,south
51.9073725517273,4.38135623931885,Kantoorgebouw 2,south
51.906181117671,4.38114166259766,Kantoorgebouw 2,south
51.9047248775708,4.38212871551514,Kantoorgebouw 2,south
51.9040894125493,4.38187122344971,Kantoorgebouw 2,south
51.9031626766115,4.38629150390625,Kantoorgebouw 2,south
51.8997203471625,4.39234256744385,Kantoorgebouw 2,south
51.9007001139362,4.39414501190186,Kantoorgebouw 2,south
51.9022624005355,4.39358711242676,Kantoorgebouw 2,south
51.9032685902578,4.38865184783936,Kantoorgebouw 1,south
51.9026331046342,4.39144134521484,Kantoorgebouw 1,south
51.9028184555364,4.38307285308838,Kantoorgebouw 1,south
51.904062934645,4.37642097473145,Kantoorgebouw 1,south
51.8993231383292,4.39075469970703,Hangar,west
51.9048307875336,4.37629222869873,Kantoorgebouw 2,west
51.9032156334659,4.37423229217529,Kantoorgebouw 2,west
51.9055986272964,4.37371730804443,Kantoorgebouw 2,west
51.8947682260261,4.40736293792725,Kantoorgebouw 2,west
51.8990848113436,4.42654609680176,Kantoorgebouw 2,north
51.8972311138536,4.42332744598389,Kantoorgebouw 2,north
51.8975224142384,4.44499969482422,Kantoorgebouw 1,north
51.8972840777004,4.44658756256104,Kantoorgebouw 1,north
51.895933480104,4.45272445678711,Hangar,north
51.8952978907167,4.45620059967041,Kantoorgebouw 2,north
51.8945563584016,4.46049213409424,Kantoorgebouw 2,north
51.8973900052067,4.44165229797363,Kantoorgebouw 2,north
51.8964896134428,4.44594383239746,Kantoorgebouw 2,north
51.8971251859727,4.44311141967773,Hangar,west
51.9009251924741,4.39824342727661,Kantoorgebouw 2,west
51.8999189502622,4.39961671829224,Kantoorgebouw 2,west
51.9054662420668,4.41251277923584,Kantoorgebouw 1,west
51.9057177736694,4.41098928451538,Kantoorgebouw 1,west
51.9052147090557,4.4115686416626,Kantoorgebouw 2,west
51.9049499359434,4.41088199615479,Kantoorgebouw 2,west
51.904062934645,4.41139698028564,Kantoorgebouw 2,west
51.9058766350084,4.41397190093994,Kantoorgebouw 2,west
51.9065517894308,4.41334962844849,Kantoorgebouw 2,west
51.9073460757583,4.41390752792358,Kantoorgebouw 2,west
51.9066179804946,4.4145941734314,Kantoorgebouw 2,west
51.9057972044091,4.4235634803772,Kantoorgebouw 2,south
51.9061678793373,4.42467927932739,Kantoorgebouw 2,south
51.9075975968337,4.42461490631104,Kantoorgebouw 2,south
51.9002764336292,4.40116167068481,Kantoorgebouw 2,south
51.9005015142898,4.40225601196289,Kantoorgebouw 2,south
51.9035863296983,4.38779354095459,Kantoorgebouw 1,south
51.9001969931268,4.39324378967285,Kantoorgebouw 1,south
51.8991642538126,4.39345836639404,Kantoorgebouw 1,south
51.9003293938861,4.39032554626465,Kantoorgebouw 1,south
51.9036657642073,4.38345909118652,Kantoorgebouw 1,south
51.904115890438,4.37496185302734,Kantoorgebouw 1,south
51.9061546409996,4.37461853027344,Kantoorgebouw 1,south
51.9064988365096,4.37629222869873,Kantoorgebouw 1,south
51.8992701768861,4.38955307006836,Hangar,west
51.9055986272964,4.37599182128906,Kantoorgebouw 2,west
51.9057574890568,4.38272953033447,Kantoorgebouw 2,west
51.9066047422897,4.382643699646,Kantoorgebouw 2,west
51.8981844535436,4.41543102264404,Kantoorgebouw 2,west
51.8963836838137,4.40684795379639,Kantoorgebouw 2,west
51.895933480104,4.4060754776001,Kantoorgebouw 2,west
51.8948211927761,4.40929412841797,Kantoorgebouw 2,west
51.8973900052067,4.42465782165527,Kantoorgebouw 2,north
51.8966749896927,4.42221164703369,Kantoorgebouw 2,north
51.8982638976047,4.4410514831543,Kantoorgebouw 2,north
51.8978666758946,4.44319725036621,Kantoorgebouw 2,north
51.8961188586484,4.45066452026367,Hangar,north
51.8947682260261,4.45890426635742,Hangar,north
51.8956951351373,4.45418357849121,Kantoorgebouw 2,north
51.8969398115802,4.4445276260376,Kantoorgebouw 1,north
51.8939319813276,4.40077598670342,Container,west
51.89373701462,4.40092062117988,Container,west
51.8947402192044,4.40159548943046,Container,west
51.8950611663616,4.40071923376388,Container,west
51.8951109278924,4.4007462503724,Container,west
51.8943049197677,4.40139073315365,Container,west
51.8945287270852,4.40128400916663,Container,west
51.8938345607717,4.40121297673774,Container,west
51.8950016226674,4.40005106273973,Container,west
51.8943232461313,4.40166674210758,Container,west
51.8944613918541,4.4015067488076,Container,west
51.8950180367186,4.40186744054114,Container,west
51.8949864142668,4.39992555005997,Container,west
51.8942372934836,4.40084820953579,Container,west
51.895086721933,4.40119005537398,Container,west
51.8946638874944,4.40176588235011,Container,west
51.8949061466188,4.40179452177088,Container,west
51.8948452914433,4.40037326827821,Container,west
51.8938387246201,4.40165172048816,Container,west
51.8942387637335,4.40084625177528,Container,west
51.8941985453238,4.40189295352368,Container,west
51.8951282812623,4.40068963792447,Container,west
51.8947957373962,4.40042963666465,Container,west
51.8942777417159,4.40096056341167,Container,west
51.8946173484089,4.40086255929997,Container,west
51.8950241069761,4.40103532901484,Container,west
51.9013488666627,4.39815759658813,Kantoorgebouw 2,west
51.8998130287183,4.39867258071899,Kantoorgebouw 2,west
51.9048969811336,4.41345691680908,Kantoorgebouw 1,west
51.904115890438,4.41223382949829,Kantoorgebouw 1,west
51.9062075943267,4.41208362579346,Kantoorgebouw 1,west
51.9033745036544,4.41189050674438,Kantoorgebouw 2,west
51.9053338564471,4.41450834274292,Kantoorgebouw 2,west
51.906088449253,4.41523790359497,Kantoorgebouw 2,west
51.9066974096424,4.42579507827759,Kantoorgebouw 2,south
51.9018735567367,4.40145779748209,Boom,south
51.9017830996459,4.40197558101274,Boom,south
51.9018382242977,4.40200876170737,Boom,south
51.9013342145424,4.4009377425308,Boom,south
51.9014005754746,4.40168968618501,Boom,south
51.9013089917175,4.40253778676579,Boom,south
51.9016270245053,4.40150787431267,Boom,south
51.9022775013324,4.40232249857909,Boom,south
51.9021080669273,4.40098623961067,Boom,south
51.9011919255409,4.40091876585713,Boom,south
51.9020443131074,4.40210129840576,Boom,south
51.9020873190623,4.40219627025181,Boom,south
51.9017728988456,4.40085780992049,Boom,south
51.9021073542495,4.40224532340589,Boom,south
51.9022390823103,4.40227505090593,Boom,south
51.9011340591873,4.40177527113246,Boom,south
51.9017329215624,4.40080152473105,Boom,south
51.9012062904539,4.40132809874244,Boom,south
51.9014956753255,4.40200550461755,Boom,south
51.9021951769996,4.40097281050138,Boom,south
51.9051754563664,4.40188279881287,Flat,south
51.9048429794894,4.40261857757252,Flat,south
51.9042011462661,4.40521215035048,Flat,south
51.9066556094744,4.40070309618496,Flat,south
51.9051416282604,4.40555109677044,Flat,south
51.9036639310899,4.40085965250173,Flat,south
51.9041285081633,4.40377061799051,Flat,south
51.9069960110072,4.40160817917705,Flat,south
51.9036887856332,4.40236905290912,Flat,south
51.9038974024796,4.40055826558061,Flat,south
51.9067458993543,4.40201526081645,Flat,south
51.9037957609293,4.40328248986633,Flat,south
51.9063378014975,4.40369678898856,Flat,south
51.904096055312,4.4015830520477,Flat,south
51.9058857549438,4.4019303288153,Flat,south
51.9033622015087,4.40486971597609,Flat,south
51.9046101062288,4.40169746980701,Flat,south
51.9043493517584,4.40234846282144,Flat,south
51.9048405643705,4.40374890859688,Flat,south
51.903645888552,4.4010907482169,Flat,south
51.9055675191169,4.40469419743384,Flat,south
51.9038997767985,4.40614427906726,Flat,south
51.9043783974192,4.40572367724829,Flat,south
51.9061541684499,4.40332634614346,Flat,south
51.9061502940586,4.40170937059081,Flat,south
51.9058666332295,4.4040524728708,Flat,south
51.9037173609061,4.40090451414711,Flat,south
51.9063648640876,4.40175060461758,Flat,south
51.905178181921,4.40497945483863,Flat,south
51.9043955861626,4.40398105924018,Flat,south
51.89711194497,4.41502332687378,Kantoorgebouw 1,north
51.8991112921822,4.41697597503662,Container,north
51.8986875968913,4.41716909408569,Container,north
51.8988729640727,4.4179630279541,Container,north
51.8984095446852,4.41774845123291,Container,north
51.8979461205176,4.41774845123291,Container,north
51.8980785279104,4.41738367080688,Container,north
51.9052125798491,4.40579981272439,Flat,south
51.9068239443244,4.40257076776612,Flat,south
51.9062481687468,4.40218491157429,Flat,south
51.9064917447183,4.40486874525515,Flat,south
51.9068601910494,4.40444129097282,Flat,south
51.9068732430294,4.40198624162169,Flat,south
51.9037072908457,4.40223934027935,Flat,south
51.9049624092078,4.40152234679037,Flat,south
51.9056675831925,4.40523882167809,Flat,south
51.9036933848019,4.40224417929305,Flat,south
51.9061520367466,4.40269327600315,Huis,south
51.9064891097362,4.40491130060574,Huis,south
51.9060445303981,4.40106848684183,Huis,south
51.9065575971128,4.40437232881639,Huis,south
51.9049741251639,4.40531758317963,Huis,south
51.9041759761404,4.40216625607186,Huis,south
51.9055535247853,4.40581764388441,Huis,south
51.9068947535872,4.4053309754284,Huis,south
51.9070383232625,4.40434269813341,Huis,south
51.9044285561348,4.40159574135266,Huis,south
51.9066381603924,4.40602285531788,Huis,south
51.9060604994344,4.40200464206247,Huis,south
51.9050212317521,4.40587862777552,Huis,south
51.9063862088226,4.40086159584421,Huis,south
51.904699165212,4.40056398446938,Huis,south
51.906621304466,4.40282085690506,Huis,south
51.9067768309127,4.40631362511737,Huis,south
51.9068792922904,4.4054828634234,Huis,south
51.9044215284512,4.40576960063946,Huis,south
51.9062954224655,4.40095546985395,Huis,south
51.9044223091169,4.39993736090334,Huis,south
51.9060518318581,4.40185418553959,Huis,south
51.9051691337537,4.40225028050326,Huis,south
51.9070836216046,4.40561249074897,Huis,south
51.9047278056753,4.40518836443009,Huis,south
51.907088502827,4.40633224521116,Huis,south
51.9066420871157,4.40645011780473,Huis,south
51.9047946206251,4.4045694015145,Huis,south
51.9052889517556,4.40158123772466,Huis,south
51.9068547345174,4.40096561993488,Huis,south
51.906176135314,4.40313560128604,Huis,south
51.9042300874721,4.40427931420489,Huis,south
51.9067991736578,4.40597564970675,Huis,south
51.9070967289037,4.40278516450951,Huis,south
51.904716375268,4.40399409888405,Huis,south
51.9067801089536,4.40352049290892,Huis,south
51.9051691940518,4.40570590869413,Huis,south
51.9061675866428,4.4024288367213,Huis,south
51.9072613254757,4.40061886683221,Huis,south
51.9044810181563,4.40057895321359,Huis,south
51.8981976942303,4.41470146179199,Kantoorgebouw 1,north
51.8977739903236,4.41480875015259,Kantoorgebouw 1,north
51.8966485074181,4.41515207290649,Kantoorgebouw 1,north
51.8968603651778,4.41766262054443,Hangar,north
51.9023550768469,4.48263645172119,Kantoorgebouw 1,north
51.902216062308,4.48368787765503,Kantoorgebouw 1,north
51.9021498647573,4.48476076126099,Kantoorgebouw 1,north
51.8960394107945,4.37594890594482,Container,north
51.8957968791277,4.43108993568465,Container,north
51.8953602911606,4.43070298385159,Container,north
51.8949955796854,4.43112401774991,Container,north
51.8953724837725,4.43036702330914,Container,north
51.8956059294672,4.43018326888058,Container,north
51.8956557416296,4.43018941005327,Container,north
51.8952863727521,4.43076397680482,Container,north
51.8956741999343,4.43182178217923,Container,north
51.8950257930741,4.43269085870263,Container,north
51.8953619180161,4.43070264326523,Container,north
51.8955018904439,4.431826379792,Container,north
51.895483237685,4.43035587976135,Container,north
51.8956005056268,4.4302472970287,Container,north
51.8957605673537,4.43147786375787,Container,north
51.8950493005722,4.43023384048461,Container,north
51.8953525863859,4.43154072254806,Container,north
51.8952594447397,4.43231193589271,Container,north
51.8955395862072,4.43016293961223,Container,north
51.8953948281881,4.43009635518552,Container,north
51.8954697905738,4.43033465283306,Container,north
51.8999719109405,4.42626714706421,Hangar,west
51.9000645919773,4.42845582962036,Kantoorgebouw 1,west
51.9027390195291,4.45327162742615,Kantoorgebouw 1,south
51.9019181725617,4.45960164070129,Kantoorgebouw 1,south
51.9015474625632,4.46122169494629,Kantoorgebouw 1,south
51.9020042298024,4.48721766471863,Kantoorgebouw 1,north
51.9019578913087,4.4880223274231,Kantoorgebouw 1,north
51.9020902868783,4.49024319648743,Kantoorgebouw 1,north
51.8938088737134,4.42232855939644,Huis,north
51.8948369872198,4.42237219653387,Huis,north
51.8945936869156,4.41967462929025,Huis,north
51.8935522598949,4.42056491975947,Huis,north
51.8956174163955,4.42115710000901,Huis,north
51.8941206882899,4.42134643575357,Huis,north
51.8946569562737,4.41986678858812,Huis,north
51.8932481270123,4.42086492796777,Huis,north
51.8953957602109,4.42045110980844,Huis,north
51.8947244594584,4.42144419373634,Huis,north
51.8947628440207,4.42068671475521,Huis,north
51.895580851019,4.42165868598287,Huis,north
51.8954934832199,4.4215054440254,Huis,north
51.8944796071848,4.42167857452003,Huis,north
51.8928361320578,4.42078389897868,Huis,north
51.8956362005892,4.42081125279665,Huis,north
51.8955210020086,4.42074106869229,Huis,north
51.8943273725429,4.42225105909391,Huis,north
51.8957165719025,4.42256266989451,Huis,north
51.8919050884011,4.41853779754732,Huis,north
51.8910619162925,4.42000466050264,Huis,north
51.8918598083557,4.42319164341471,Huis,north
51.8922748474424,4.42266097615497,Huis,north
51.8918543901343,4.42339538188947,Huis,north
51.8908196897638,4.42440549547813,Huis,north
51.8917789955319,4.42251599218734,Huis,north
51.8911578067077,4.42460272591667,Huis,north
51.8911199484948,4.41925316869205,Huis,north
51.890957256064,4.41932251500254,Huis,north
51.8907090728359,4.42001232766415,Huis,north
51.8916373744786,4.42038481881437,Huis,north
51.8911622319563,4.41968566504159,Huis,north
51.8959069973924,4.37719345092773,Container,north
51.8956156865342,4.3789529800415,Container,north
51.8950595423785,4.37354564666748,Container,north
51.8945828419093,4.37410354614258,Container,north
51.8941061363828,4.37496185302734,Container,north
51.8935764576442,4.37569141387939,Container,north
51.8957745836,4.37775135040283,Container,north
51.8952714076305,4.40341472625732,Hangar,north
51.8905041978352,4.41654682159424,Hangar,north
51.8929408349163,4.40380096435547,Hangar,north
51.8927819278295,4.40500259399414,Hangar,north
51.8925170814361,4.40654754638672,Hangar,north
51.8896019497587,4.40945889695427,Container,north
51.8882913041131,4.40946160370967,Container,north
51.888231642148,4.40694433801976,Container,north
51.888958065013,4.40631190321743,Container,north
51.8884308458296,4.40729685967133,Container,north
51.8894843923227,4.40611114926924,Container,north
51.8886424460131,4.40962994023496,Container,north
51.8880027306403,4.40833142231197,Container,north
51.8889241057019,4.40857335047324,Container,north
51.8880372928467,4.40922539416235,Container,north
51.8890703217038,4.40638548433521,Container,north
51.8890110910568,4.40799856075323,Container,north
51.8888480727052,4.40933042298711,Container,north
51.8886879333678,4.40596414117757,Container,north
51.8892332005273,4.40808102578398,Container,north
51.8884890958661,4.40889972516337,Container,north
51.8894080636217,4.40890828532924,Container,north
51.889702517696,4.4068597219491,Container,north
51.8880785841732,4.40706378658888,Container,north
51.8883061187655,4.40827543666553,Container,north
51.888135759831,4.43334852985126,Container,north
51.8883963142373,4.43367193292228,Container,north
51.8884593022764,4.43135694498271,Container,north
51.8889990492623,4.43300863205183,Container,north
51.8890600589029,4.43152778168359,Container,north
51.8887520473046,4.43104221122642,Container,north
51.8885476834014,4.43133347510085,Container,north
51.8881851332081,4.43100884261804,Container,north
51.8890428514718,4.43094728855343,Container,north
51.8884365503275,4.43389706536365,Container,north
51.8889521346131,4.43310645757926,Container,north
51.8880677692939,4.43308865590319,Container,north
51.888673537607,4.43179264364482,Container,north
51.8883026394056,4.43185798827411,Container,north
51.8886965560226,4.43340041603572,Container,north
51.888513384204,4.43256368655228,Container,north
51.8892064734636,4.43324764363432,Container,north
51.888532547796,4.43397728984404,Container,north
51.8885799927101,4.4332613343654,Container,north
51.8904397488837,4.43795568193819,Container,north
51.8901726776723,4.43679526393799,Container,north
51.8902154454428,4.43819462113573,Container,north
51.8907661271112,4.43856918449901,Container,north
51.8904905169696,4.43832818524757,Container,north
51.889991778284,4.43881162554602,Container,north
51.8905986550777,4.43790322046848,Container,north
51.8888066957766,4.43119755210948,Container,north
51.8894969603479,4.43418693301803,Container,north
51.8899320533313,4.4349205415317,Container,north
51.8896308545036,4.43413708826353,Container,north
51.8894294364671,4.43476560457789,Container,north
51.8894774300636,4.43646002734231,Container,north
51.88945452596,4.43493145376707,Container,north
51.8898787918743,4.43548751159154,Container,north
51.8894209350224,4.43639353824083,Container,north
51.8898363750041,4.43670730321207,Container,north
51.8897014922618,4.43605820317612,Container,north
51.8901296491005,4.4360078179662,Container,north
51.8897129500895,4.43415324567638,Container,north
51.8895367235185,4.43433883305237,Container,north
51.8896212863209,4.43465409359806,Container,north
51.8896341897468,4.43555404338881,Container,north
51.8899573752379,4.43623337480207,Container,north
51.8900219400263,4.4357883792795,Container,north
51.890059948127,4.43628625779453,Container,north
51.8894515589541,4.43643645133149,Container,north
51.8896312616538,4.43506416426147,Container,north
51.9049896520097,4.43753242492676,Kantoorgebouw 2,north
51.9057045351991,4.43942070007324,Kantoorgebouw 2,north
51.906181117671,4.4884729385376,Flat,north
51.9055721502817,4.48748588562012,Flat,north
51.904115890438,4.48495388031006,Flat,north
51.9048837424215,4.48469638824463,Havenbedrijf,west
51.9072269337046,4.48928833007812,KPN Toren,west
51.8904908470067,4.43896370347942,Container,north
51.890502581642,4.43852227858855,Container,north
51.8904468742196,4.43685670009744,Container,north
51.8901393912115,4.43773037183212,Container,north
51.8900927171127,4.43685752255343,Container,north
51.8901697406955,4.43786983598805,Container,north
51.8906817864535,4.4386067531565,Container,north
51.8905772357922,4.43721446230546,Container,north
51.8901639907927,4.43757802052857,Container,north
51.8907430769036,4.43786549897053,Container,north
51.8899747520054,4.43838444790698,Container,north
51.8907410097721,4.43736973178258,Container,north
51.8907382755496,4.43872210133988,Container,north
51.9066312186957,4.48976039886475,Flat,north
